timestamp,etimes_s,rss_kb
2026-08-12T23:20:02Z,123,54824
2026-08-12T23:20:02Z,/home/miztertea/sergeant-rs/target/debug/sgt,daemon
2026-08-12T23:21:54Z,235,57616
2026-08-12T23:21:54Z,/home/miztertea/sergeant-rs/target/debug/sgt,daemon
2026-08-12T23:22:54Z,296,57772
2026-08-12T23:22:54Z,/home/miztertea/sergeant-rs/target/debug/sgt,daemon
2026-08-12T23:25:26Z,447,57776
2026-08-12T23:25:26Z,/home/miztertea/sergeant-rs/target/debug/sgt,daemon
2026-08-12T23:27:57Z,598,57776
2026-08-12T23:27:57Z,/home/miztertea/sergeant-rs/target/debug/sgt,daemon
2026-08-12T23:30:41Z,763,57776
2026-08-12T23:30:41Z,/home/miztertea/sergeant-rs/target/debug/sgt,daemon
2026-08-12T23:33:12Z,914,57776
2026-08-12T23:33:12Z,/home/miztertea/sergeant-rs/target/debug/sgt,daemon
2026-08-12T23:35:44Z,1065,57776
2026-08-12T23:35:44Z,/home/miztertea/sergeant-rs/target/debug/sgt,daemon
2026-08-12T23:38:38Z,1240,57888
2026-08-12T23:38:38Z,/home/miztertea/sergeant-rs/target/debug/sgt,daemon
2026-08-12T23:41:09Z,1391,57824
2026-08-12T23:41:09Z,/home/miztertea/sergeant-rs/target/debug/sgt,daemon
2026-08-12T23:43:41Z,1542,57824
2026-08-12T23:43:41Z,/home/miztertea/sergeant-rs/target/debug/sgt,daemon
2026-08-12T23:46:11Z,1693,57824
2026-08-12T23:46:11Z,/home/miztertea/sergeant-rs/target/debug/sgt,daemon
2026-08-12T23:48:03Z,1805,57848
2026-08-12T23:48:03Z,/home/miztertea/sergeant-rs/target/debug/sgt,daemon
2026-08-12T23:48:15Z,1816,58016
2026-08-12T23:48:15Z,/home/miztertea/sergeant-rs/target/debug/sgt,daemon
2026-08-12T23:50:46Z,1967,58052
2026-08-12T23:50:46Z,/home/miztertea/sergeant-rs/target/debug/sgt,daemon
2026-08-12T23:53:17Z,2118,58052
2026-08-12T23:53:17Z,/home/miztertea/sergeant-rs/target/debug/sgt,daemon
2026-08-12T23:55:48Z,2269,58052
2026-08-12T23:55:48Z,/home/miztertea/sergeant-rs/target/debug/sgt,daemon
2026-08-13T00:20:21Z,3742,58496
2026-08-13T00:20:21Z,/home/miztertea/sergeant-rs/target/debug/sgt,daemon
2026-08-13T00:22:52Z,3893,58324
2026-08-13T00:22:52Z,/home/miztertea/sergeant-rs/target/debug/sgt,daemon
2026-08-13T00:25:23Z,4044,58324
2026-08-13T00:25:23Z,/home/miztertea/sergeant-rs/target/debug/sgt,daemon
2026-08-13T00:28:04Z,4205,58472
2026-08-13T00:28:04Z,/home/miztertea/sergeant-rs/target/debug/sgt,daemon
2026-08-13T00:30:35Z,4357,58456
2026-08-13T00:30:35Z,/home/miztertea/sergeant-rs/target/debug/sgt,daemon
2026-08-13T00:33:07Z,4508,58456
2026-08-13T00:33:07Z,/home/miztertea/sergeant-rs/target/debug/sgt,daemon
2026-08-13T00:35:48Z,4670,58616
2026-08-13T00:35:48Z,/home/miztertea/sergeant-rs/target/debug/sgt,daemon
2026-08-13T00:38:20Z,4821,58516
2026-08-13T00:38:20Z,/home/miztertea/sergeant-rs/target/debug/sgt,daemon
2026-08-13T00:40:50Z,4971,58516
2026-08-13T00:40:50Z,/home/miztertea/sergeant-rs/target/debug/sgt,daemon
2026-08-13T00:43:33Z,5134,58832
2026-08-13T00:43:33Z,/home/miztertea/sergeant-rs/target/debug/sgt,daemon
2026-08-13T00:46:04Z,5286,58720
2026-08-13T00:46:04Z,/home/miztertea/sergeant-rs/target/debug/sgt,daemon
2026-08-13T00:48:37Z,5438,58720
2026-08-13T00:48:37Z,/home/miztertea/sergeant-rs/target/debug/sgt,daemon
2026-08-13T00:51:20Z,5601,24828
2026-08-13T00:51:20Z,/home/miztertea/sergeant-rs/target/debug/sgt,daemon
2026-08-13T00:53:52Z,5753,24976
2026-08-13T00:53:52Z,/home/miztertea/sergeant-rs/target/debug/sgt,daemon
2026-08-13T00:56:23Z,5904,24976
2026-08-13T00:56:23Z,/home/miztertea/sergeant-rs/target/debug/sgt,daemon
2026-08-13T00:59:07Z,6069,25084
2026-08-13T00:59:07Z,/home/miztertea/sergeant-rs/target/debug/sgt,daemon
2026-08-13T01:01:39Z,6220,25172
2026-08-13T01:01:39Z,/home/miztertea/sergeant-rs/target/debug/sgt,daemon
2026-08-13T01:04:10Z,6371,25172
2026-08-13T01:04:10Z,/home/miztertea/sergeant-rs/target/debug/sgt,daemon
2026-08-13T01:06:58Z,6539,25312
2026-08-13T01:06:58Z,/home/miztertea/sergeant-rs/target/debug/sgt,daemon
2026-08-13T01:09:29Z,6690,25240
2026-08-13T01:09:29Z,/home/miztertea/sergeant-rs/target/debug/sgt,daemon
2026-08-13T01:12:00Z,6841,25240
2026-08-13T01:12:00Z,/home/miztertea/sergeant-rs/target/debug/sgt,daemon
2026-08-13T01:14:43Z,7005,25320
2026-08-13T01:14:43Z,/home/miztertea/sergeant-rs/target/debug/sgt,daemon
2026-08-13T01:17:15Z,7156,25312
2026-08-13T01:17:15Z,/home/miztertea/sergeant-rs/target/debug/sgt,daemon
2026-08-13T01:19:46Z,7307,25312
2026-08-13T01:19:46Z,/home/miztertea/sergeant-rs/target/debug/sgt,daemon
2026-08-13T01:22:32Z,7473,25320
2026-08-13T01:22:32Z,/home/miztertea/sergeant-rs/target/debug/sgt,daemon
2026-08-13T01:25:03Z,7624,25320
2026-08-13T01:25:03Z,/home/miztertea/sergeant-rs/target/debug/sgt,daemon
2026-08-13T01:27:35Z,7776,25320
2026-08-13T01:27:35Z,/home/miztertea/sergeant-rs/target/debug/sgt,daemon
2026-08-13T01:30:10Z,7931,25320
2026-08-13T01:30:10Z,/home/miztertea/sergeant-rs/target/debug/sgt,daemon
2026-08-13T01:32:41Z,8083,25320
2026-08-13T01:32:41Z,/home/miztertea/sergeant-rs/target/debug/sgt,daemon
2026-08-13T01:35:13Z,8234,25320
2026-08-13T01:35:13Z,/home/miztertea/sergeant-rs/target/debug/sgt,daemon
2026-08-13T01:37:49Z,8390,25320
2026-08-13T01:37:49Z,/home/miztertea/sergeant-rs/target/debug/sgt,daemon
2026-08-13T01:40:20Z,8541,25320
2026-08-13T01:40:20Z,/home/miztertea/sergeant-rs/target/debug/sgt,daemon
2026-08-13T01:42:51Z,8693,25320
2026-08-13T01:42:51Z,/home/miztertea/sergeant-rs/target/debug/sgt,daemon
2026-08-13T01:45:27Z,8848,25320
2026-08-13T01:45:27Z,/home/miztertea/sergeant-rs/target/debug/sgt,daemon
2026-08-13T01:47:58Z,8999,25320
2026-08-13T01:47:58Z,/home/miztertea/sergeant-rs/target/debug/sgt,daemon
2026-08-13T01:50:29Z,9150,25320
2026-08-13T01:50:29Z,/home/miztertea/sergeant-rs/target/debug/sgt,daemon
2026-08-13T01:53:15Z,9316,25320
2026-08-13T01:53:15Z,/home/miztertea/sergeant-rs/target/debug/sgt,daemon
